不告而取即为偷，当面强拿则为抢,http://mp.weixin.qq.com/s?__biz=MzU5MzcyMzc2OQ==&mid=2247486864&idx=1&sn=413b812c576fd08ed8e791d0321a181a&chksm=fe0d6586c97aec909c92c4874eed2c8ab1e7230621f4efd0c96fc4d5d9804f07728ee6e04115#rd,
中央新政颁布，炒房的投机客死心了,http://mp.weixin.qq.com/s?__biz=MzU5MzcyMzc2OQ==&mid=2247486853&idx=1&sn=c954717e0352e88eab0e761e3eb9e606&chksm=fe0d6593c97aec852a3b7fa19e022aaf3d21f8be45dab0d95f418d69a7d4f612e35472c053df#rd,
日本引以为傲的“极度农业”，2009年就败给了中国,http://mp.weixin.qq.com/s?__biz=MzU5MzcyMzc2OQ==&mid=2247486853&idx=2&sn=f912d52108f35cf0ba6cfeb62dbfeb37&chksm=fe0d6593c97aec851f3de6f539a6b23d28b91e7ef49cf0bc63e50243f924bd7c3f61d9f99ba7#rd,
在中国的土地上，美国公司居然扣押了华为7亿的物资,http://mp.weixin.qq.com/s?__biz=MzU5MzcyMzc2OQ==&mid=2247486843&idx=1&sn=e86bfac418d01d7a8f93d66190d26c9e&chksm=fe0d656dc97aec7b2a9370a3b127ef5632b736bf08a137f1915932995d0755cfc4e2b70f71f3#rd,
被这些书喂大的孩子，早就赢在了格局上,http://mp.weixin.qq.com/s?__biz=MzU5MzcyMzc2OQ==&mid=2247486843&idx=2&sn=7de838aba318b0df7b28e1cd6361dc76&chksm=fe0d656dc97aec7b65680bbd3163575d2158a045c2a8b24b3feb0146436737a9097aa635fec7#rd,
没有大陆，香港只会越来越穷,http://mp.weixin.qq.com/s?__biz=MzU5MzcyMzc2OQ==&mid=2247486831&idx=1&sn=422b7091017d1876ba481c59ed6d4166&chksm=fe0d6579c97aec6ffb57d4a8d0f786131712222421356ef71a3dce9c3c8a1f5b67f337e7907b#rd,
朝鲜的38°和越南的17°,http://mp.weixin.qq.com/s?__biz=MzU5MzcyMzc2OQ==&mid=2247486818&idx=1&sn=27241d49aebf102d8116b091eacb2a1a&chksm=fe0d6574c97aec62a30743af0d99e5ffa7bcf974881e433d5f0c2d9d43694f298dd6c82c2c04#rd,
不发工资的血汗工作，我们自己会找，不劳学校费心,http://mp.weixin.qq.com/s?__biz=MzU5MzcyMzc2OQ==&mid=2247486804&idx=1&sn=de4a61760f94bd91333332b5dfeb4435&chksm=fe0d6542c97aec54e65e825839b494afe83c655b2df7ea5eddd799a283a26ee50b6f40a8bc89#rd,
中国智取瓦良格号航母,http://mp.weixin.qq.com/s?__biz=MzU5MzcyMzc2OQ==&mid=2247486763&idx=1&sn=f5e81c26bf58b45dd7a535016386953e&chksm=fe0d653dc97aec2bcc7bffa11bc88f706c809cbe81696baa71b6278940e5eda0cf8b2f83e801#rd,
3000万买的巴菲特午餐不要了，孙宇晨被警方限制出境,http://mp.weixin.qq.com/s?__biz=MzU5MzcyMzc2OQ==&mid=2247486748&idx=1&sn=f3ea4670c10ea8e4b937ef8b504c0615&chksm=fe0d650ac97aec1c108481e684c5471d4c901f8afd50b55037724dfefb090f37a8809a7604b9#rd,
扣押超级油轮，战争阴云密布，伊朗同时挑战英美两大强国的底气在哪里,http://mp.weixin.qq.com/s?__biz=MzU5MzcyMzc2OQ==&mid=2247486736&idx=1&sn=ee2d363a556bcf1e6e69fd1c372ed4ae&chksm=fe0d6506c97aec103faeca571d953e12271a7f6a38386e2a32f068d01d5b6d769b24f1054282#rd,
经过残酷的内战，时隔五年，中国队再次奥数夺冠,http://mp.weixin.qq.com/s?__biz=MzU5MzcyMzc2OQ==&mid=2247486723&idx=1&sn=848549b72b3ecfbc9311eda021b9254e&chksm=fe0d6515c97aec03983196672af14398065b73ce2c28631525ee7d58899fa0ddf869df634358#rd,
上海人被垃圾分类逼疯？别笑，下一个就是你,http://mp.weixin.qq.com/s?__biz=MzU5MzcyMzc2OQ==&mid=2247486723&idx=2&sn=7f070ea683db366928f44a58be3795fe&chksm=fe0d6515c97aec0360236d0d0f41287b267e2b4f38f2d8e5a1f97acced65805397181c72d48d#rd,
碧桂园的高周转，汤臣一品的慢周转,http://mp.weixin.qq.com/s?__biz=MzU5MzcyMzc2OQ==&mid=2247486709&idx=1&sn=02b5e7673045bdfdec5d14b976357edf&chksm=fe0d64e3c97aedf5fd46392e19e1daf4d3bd7daf96dab7fbe9b8c2138130ba3b603cd04ce6a3#rd,
青木牌月度预测——螺旋式弱势上涨,http://mp.weixin.qq.com/s?__biz=MzU5MzcyMzc2OQ==&mid=2247486697&idx=1&sn=8fcae6b3ff9c81575cf086b4a1cd64e2&chksm=fe0d64ffc97aede9ca3f6f06821e72d2df591b9711f2879e101dd29ef2589afeb58b64662d33#rd,
中国房价有泡沫，但它真的不会跌,http://mp.weixin.qq.com/s?__biz=MzU5MzcyMzc2OQ==&mid=2247486686&idx=1&sn=54a42924be7e8c0f54d5d59d0f503e55&chksm=fe0d64c8c97aeddecf5a9a7b8d56c786f20bca15f8875329f8c26202e88ad65b69d33712c062#rd,
百度，什么事你都敢干啊,http://mp.weixin.qq.com/s?__biz=MzU5MzcyMzc2OQ==&mid=2247486652&idx=1&sn=2b6e94a1b0b95054e48033a4b472059c&chksm=fe0d64aac97aedbc8be0d9ae18cf6223ddca83a826be85a9dc28f17e7ebd5fa6510c7755694e#rd,
成功研发中国第二款5G芯片，中兴凤凰涅槃,http://mp.weixin.qq.com/s?__biz=MzU5MzcyMzc2OQ==&mid=2247486624&idx=1&sn=7187b6e9a99e0357ba80c3bad38eff0a&chksm=fe0d64b6c97aeda0c8354e4469440fd8e04d64e77957bbe9f28f1f026c238a5757dd997b0138#rd,
大腕，你看错中国房价走势了,http://mp.weixin.qq.com/s?__biz=MzU5MzcyMzc2OQ==&mid=2247486615&idx=1&sn=5fd9c83e1ae17fb29e0b73e29faf3da3&chksm=fe0d6481c97aed974cb952e41ae4382f43553dfcdbe029cd46d6329c53601df0befd69456f56#rd,
帮帮银行吧，ETC滞销了,http://mp.weixin.qq.com/s?__biz=MzU5MzcyMzc2OQ==&mid=2247486592&idx=1&sn=3ff95de96842672822d00d7637aef5e1&chksm=fe0d6496c97aed800c2e95b4a87a8a93cb90e551390c4c0333e64f1ca17193ab15388fa23d07#rd,
大疆无人机，美国军方不得不买的神器,http://mp.weixin.qq.com/s?__biz=MzU5MzcyMzc2OQ==&mid=2247486574&idx=1&sn=6b06e3968e729b351c4cc585bf731f59&chksm=fe0d6478c97aed6e8efc56d166e0107ca61c9b2f0d03127620e966d4e5844a11e0b0c7129ff5#rd,
罕见龙卷风袭击辽宁，我以前只在电影里见过这玩意,http://mp.weixin.qq.com/s?__biz=MzU5MzcyMzc2OQ==&mid=2247486527&idx=1&sn=d57e03c2fbfd9fd494ec1d17844af131&chksm=fe0d6429c97aed3fa6a95cc677157abeece1bafb56fd5f8cb5d8efd390a7f41a4f18781bec08#rd,
不管多远，我都要带着国徽审判你,http://mp.weixin.qq.com/s?__biz=MzU5MzcyMzc2OQ==&mid=2247486485&idx=1&sn=d3b4d72e1d08d73ed786647e2450a107&chksm=fe0d6403c97aed1578a1e30fa9c5af9be8503f533d8d6108326e60ac0450eeefa93c51e62a93#rd,
从这个月开始，行人闯红灯被撞自负医药费,http://mp.weixin.qq.com/s?__biz=MzU5MzcyMzc2OQ==&mid=2247486421&idx=1&sn=3daa6323b4ae5a5a4753ffab9612f466&chksm=fe0d63c3c97aead5e1c910bf1cf4ce83de5cdc33888e6c0953cb0fa21e354a4cf57df0c3c6c5#rd,
隐藏在房贷里的那些秘密,http://mp.weixin.qq.com/s?__biz=MzU5MzcyMzc2OQ==&mid=2247486375&idx=1&sn=6521f7265d04f031fcb23ddd64a87f60&chksm=fe0d63b1c97aeaa7b5ea513d964f021d1f914154e5a256ef18cf39ac05d905df8b1559d2d5a3#rd,
一觉醒来，我家小区土的掉渣了,http://mp.weixin.qq.com/s?__biz=MzU5MzcyMzc2OQ==&mid=2247486341&idx=1&sn=8a00989e035ac618858ff4eb6961fefe&chksm=fe0d6393c97aea8562251b131227dea9e972b8401caeed0e8dc787cf3d6c45295c8fffc9735d#rd,
美国发动制裁，全面禁止伊朗人玩游戏,http://mp.weixin.qq.com/s?__biz=MzU5MzcyMzc2OQ==&mid=2247486333&idx=1&sn=65d024b790e0b77baf679f4956d46e8c&chksm=fe0d636bc97aea7df87709fbadbf8a07d8086595d69540baf90ccaec0c76c5afea8869b83b77#rd,
曾轶可哪来的胆子，连警察都敢骂,http://mp.weixin.qq.com/s?__biz=MzU5MzcyMzc2OQ==&mid=2247486302&idx=1&sn=2f9402a25538448c0b1c5e09482722d7&chksm=fe0d6348c97aea5e277ecbc7085346cfd2af59e2cd48dfdc252fdd460d29c81dbfc8a1f00ec4#rd,
打破欧美垄断，中国航天第一背后有何奥秘,http://mp.weixin.qq.com/s?__biz=MzU5MzcyMzc2OQ==&mid=2247486284&idx=1&sn=53b59b4f3daecbfd8a7df1ff7be93bc5&chksm=fe0d635ac97aea4cfa7f478222ed6e48c548be7419d1f97f2bfc764e83046e2e4f5819ccbbb5#rd,
青木牌月度预测——横盘可能快要结束了,http://mp.weixin.qq.com/s?__biz=MzU5MzcyMzc2OQ==&mid=2247486284&idx=2&sn=b9db410ca0568d4cad4e51aeb4adfc5f&chksm=fe0d635ac97aea4c058b52c72d8199e9ae93e12b40d2d68fa30a88a5fd3948407af9182e5fb0#rd,
突发大地震，四川竟能提前预警，真是厉害了,http://mp.weixin.qq.com/s?__biz=MzU5MzcyMzc2OQ==&mid=2247486270&idx=1&sn=eab9837b6a230ca48227f30c645a0943&chksm=fe0d6328c97aea3ee196808921d3f1c8dac54db989a5a67a5018747603f12749617286e6dd61#rd,
全球疯抢的防癌疫苗，你可千万别买到了假货,http://mp.weixin.qq.com/s?__biz=MzU5MzcyMzc2OQ==&mid=2247486239&idx=1&sn=9798157213919d4ca4a8d80b2d1f4f0d&chksm=fe0d6309c97aea1fe664d7ee0373b295bbed0d52e0546eeaa91b0daecd4b51fe00d56ba67c9a#rd,
瑞银集团，赚着中国人的钱，还骂中国人是猪，你勇气哪来的？,http://mp.weixin.qq.com/s?__biz=MzU5MzcyMzc2OQ==&mid=2247486219&idx=1&sn=373db583953f8554013086ebc523eec2&chksm=fe0d631dc97aea0b135160904cf8c7a07b8d4488a3ccb50df2ddabb1a613f764d02e39f6cb44#rd,
少颗芒果，赔偿2000，下跪求情也要被开除，弱势群体的世界是你想不到的心酸,http://mp.weixin.qq.com/s?__biz=MzU5MzcyMzc2OQ==&mid=2247486167&idx=1&sn=71ea19ee83cbfae00bc58342af6524e8&chksm=fe0d62c1c97aebd7b75d247cfa0d543adabf3317a88cb217bf099a0b3609d65fca2c826ea200#rd,
班主任不让你去网吧，是爱你，让你去网吧，也是爱你,http://mp.weixin.qq.com/s?__biz=MzU5MzcyMzc2OQ==&mid=2247486151&idx=1&sn=de6ea410c73d36ab160db848ac9dfe21&chksm=fe0d62d1c97aebc7b3e066088d45ea053f7b19a373285723fcbef8b7a7d0dcf51082d81c3c8c#rd,
中国遭754种生物入侵，吃货不是万能的,http://mp.weixin.qq.com/s?__biz=MzU5MzcyMzc2OQ==&mid=2247486131&idx=1&sn=8059281225e9a13b60ff1d1123218d47&chksm=fe0d62a5c97aebb312596f6f40ee71981a0a8272a26d1a5e629cc561dc7c7330174fcb5dcb96#rd,
币圈贾跃亭，花456万美金和巴菲特共进午餐,http://mp.weixin.qq.com/s?__biz=MzU5MzcyMzc2OQ==&mid=2247486119&idx=1&sn=6d677354eddd9403867e6afccc71b667&chksm=fe0d62b1c97aeba7db70246d6a8ca1da0868aa1e253dc43cdcbf363571597bcfa66e7389d749#rd,
突发！中国技术安全管理清单制度正式建立,http://mp.weixin.qq.com/s?__biz=MzU5MzcyMzc2OQ==&mid=2247486102&idx=1&sn=bd4bec544535e2a650344bcb781b897e&chksm=fe0d6280c97aeb964c2ebbba70f42d2efe15b95543482437fe621a36983e34cd5d2d00d30240#rd,
为梦想而奋斗的普通孩子，不应该被嘲笑,http://mp.weixin.qq.com/s?__biz=MzU5MzcyMzc2OQ==&mid=2247486095&idx=1&sn=bb919d9f56e966221f8187846b3d468b&chksm=fe0d6299c97aeb8f564006cd2c3fad936e32250e8f8daf051f18fc3a8bba796fed2379c3b89e#rd,
那个孩子天天咬铅笔，结果智力终身受损,http://mp.weixin.qq.com/s?__biz=MzU5MzcyMzc2OQ==&mid=2247486073&idx=1&sn=ec55fa1d3d02d11cb62a37bd8e815569&chksm=fe0d626fc97aeb79e8c8d7e8f7712b887483d95582b668aab765af538c6725375a031ad2da36#rd,
那个孩子天天咬铅笔，结果智力终身受损,http://mp.weixin.qq.com/s?__biz=MzU5MzcyMzc2OQ==&mid=2247486072&idx=1&sn=2c23543b9c6b9ffc6dfc62008f70a304&chksm=fe0d626ec97aeb7883da7b4df677bad4ffe51b5e853294fb7bf3e017eda604e60990441e9768#rd,
真正打败你的往往不是同行，越舒适的工作越危险,http://mp.weixin.qq.com/s?__biz=MzU5MzcyMzc2OQ==&mid=2247486072&idx=2&sn=f40f548e02bb6149550381a8bd937a64&chksm=fe0d626ec97aeb78dba01b7d449a5f334890bfe4a2e4d5b55d89744d1631b09f723c74dbc92a#rd,
国产办公软件往事,http://mp.weixin.qq.com/s?__biz=MzU5MzcyMzc2OQ==&mid=2247486072&idx=3&sn=dd39532e0e3f0a9fa1521f799f9906f4&chksm=fe0d626ec97aeb785cfb28126a9dddde8fbd963ee7d5afac56d27e13ca49b09f1a90d8ea448d#rd,
关于保险，那些你不知道的盲区,http://mp.weixin.qq.com/s?__biz=MzU5MzcyMzc2OQ==&mid=2247486072&idx=4&sn=d43f05cd475e5b63f4fcdb37b823f697&chksm=fe0d626ec97aeb784674337a0ca10749837d69a88c82c0dcde2df485127ffce1f38fbecf338f#rd,
东南亚30万骗子,让无数中国人倾家荡产,痛不欲生......,http://mp.weixin.qq.com/s?__biz=MzU5MzcyMzc2OQ==&mid=2247486072&idx=5&sn=43fe5278b217af25327046a3a7f927aa&chksm=fe0d626ec97aeb789bab393bbc09501cb0d6777ac44eebe07d9f7b027e3f4683ec5723821248#rd,
联想的至暗时刻,http://mp.weixin.qq.com/s?__biz=MzU5MzcyMzc2OQ==&mid=2247486072&idx=6&sn=07411bc0c044f164cde2684e55ca1f69&chksm=fe0d626ec97aeb780fabb93be74509392695ca993f33b3a4f234dc2a544f29d9665f94e41561#rd,
身份证被冒用的后果,你根本想象不到,http://mp.weixin.qq.com/s?__biz=MzU5MzcyMzc2OQ==&mid=2247486072&idx=7&sn=7ef9ceb7faafd3baebae9800c015868e&chksm=fe0d626ec97aeb788885ea15d6bbe77eedf5f722e003295d83e7dbd9abd9ad2c526c45a48fe3#rd,
联想的至暗时刻,http://mp.weixin.qq.com/s?__biz=MzU5MzcyMzc2OQ==&mid=2247486058&idx=1&sn=8f2e3f03aad85125bcc37155c1f04998&chksm=fe0d627cc97aeb6a217b06c9252c8d82551775e290e73e39ce4b4f762c823bd7b2ea47e5841d#rd,
抖音网红是怎么炼成的,http://mp.weixin.qq.com/s?__biz=MzU5MzcyMzc2OQ==&mid=2247486038&idx=1&sn=bee050c0138b03ccbfdf8bdd6fc6512b&chksm=fe0d6240c97aeb567d462b2c0fac1b0c59263673860286d413b3f54802973bba0e813e16b04b#rd,
美企今日跳的欢，小心秋后拉清单,http://mp.weixin.qq.com/s?__biz=MzU5MzcyMzc2OQ==&mid=2247486013&idx=1&sn=5576c3a037778cdc90470dcd4692c03d&chksm=fe0d622bc97aeb3dc2668d7f55f7c71416d7a8635e2c91ea20fe089af319e03df5fd29cd73ac#rd,
靠做科研，他赚了4个亿,http://mp.weixin.qq.com/s?__biz=MzU5MzcyMzc2OQ==&mid=2247486001&idx=1&sn=8d15e9dc8d43aeb4a98bcb0dc139a1a3&chksm=fe0d6227c97aeb31d904b7e87b0783bc4567c8852ba04e54a93e632f7a4840450e6034907008#rd,
美国高科技产业将被中国断粮，勿谓言之不预,http://mp.weixin.qq.com/s?__biz=MzU5MzcyMzc2OQ==&mid=2247485974&idx=1&sn=de2fbbb973c0eaaae1cb2af2793c484e&chksm=fe0d6200c97aeb1639ddf5fa7711d63e174cc04b8ef853ceb02aa542ada6cb82639e7cd04f37#rd,
缺芯少魂，中华二十年之痛,http://mp.weixin.qq.com/s?__biz=MzU5MzcyMzc2OQ==&mid=2247485960&idx=1&sn=f1b0f625a4f4a36a9feb4fcbc07666d7&chksm=fe0d621ec97aeb089058212c889cb0ffd69048097c0ae056644df3e332a7c4b0b7acac31584b#rd,
她捐赠了遗体，却无法让自己的骨灰回家,http://mp.weixin.qq.com/s?__biz=MzU5MzcyMzc2OQ==&mid=2247485951&idx=1&sn=ed11b45a955243b21f1a950e56f10e85&chksm=fe0d61e9c97ae8ffc0e9ac08455323c9006ca6b4b177d6393dacd129e4ada55a816c9ba6b1cc#rd,
世界楼市兴衰史,http://mp.weixin.qq.com/s?__biz=MzU5MzcyMzc2OQ==&mid=2247485927&idx=1&sn=38c3f3041ee7639127e910cc67745cda&chksm=fe0d61f1c97ae8e74795ab457d7a03788137dbc8e86ea06918022181d79947eb6dccc04d1c3f#rd,
盘点历史上专门用于骗人的黑科技,http://mp.weixin.qq.com/s?__biz=MzU5MzcyMzc2OQ==&mid=2247485914&idx=1&sn=9a1108cb73d3f60776bd0b2d7387826d&chksm=fe0d61ccc97ae8dadb9a6f12eb31698c2df63168de9fa9ca5d8c5713c1d775d893dc484847c8#rd,
深圳市南山区粤海街道办和美国的战争爆发了,http://mp.weixin.qq.com/s?__biz=MzU5MzcyMzc2OQ==&mid=2247485893&idx=1&sn=b0d0c2bfde339119533efa2ef18c908d&chksm=fe0d61d3c97ae8c5f805cdd4f284d459775a771f3a09317d074b0db374ad8091afbddd0f25fd#rd,
为什么中国人工资这么低，因为美国人不允许你有钱,http://mp.weixin.qq.com/s?__biz=MzU5MzcyMzc2OQ==&mid=2247485884&idx=1&sn=02eaa0d3c70afa35d2086609c2a096c9&chksm=fe0d61aac97ae8bc9acaf84f8de268423480be2e9ec7ae0d708068795c4a91f1722e52a79dd8#rd,
今天聊聊楼市和股市||月度预测,http://mp.weixin.qq.com/s?__biz=MzU5MzcyMzc2OQ==&mid=2247485831&idx=1&sn=1b6b97c85851839c5033595f97170285&chksm=fe0d6191c97ae887b5fabc8b8fefcc6eb8a08eb7f90bf3973d9612dde81dcdb96c46fac793b4#rd,
今天聊聊楼市和股市||月度预测,http://mp.weixin.qq.com/s?__biz=MzU5MzcyMzc2OQ==&mid=2247485830&idx=1&sn=22220aad2e95284188d697d32c1c2f8c&chksm=fe0d6190c97ae88637bdad407f2cccd5ac5019800ea6af67b9681a0f96b63fb2d51c79ce016e#rd,
华为遭美国全面制裁，史上最牛备胎诞生了,http://mp.weixin.qq.com/s?__biz=MzU5MzcyMzc2OQ==&mid=2247485818&idx=1&sn=b1c272ff768f663c89a2d0c1af05cb74&chksm=fe0d616cc97ae87a7e1122bd2d4f1a8818ffeb3530a66861cafb0e448db9c1386f85c22da982#rd,
吃水果，中产才敢论斤买,http://mp.weixin.qq.com/s?__biz=MzU5MzcyMzc2OQ==&mid=2247485802&idx=1&sn=690321414cba775f614cffe6c121b289&chksm=fe0d617cc97ae86a00d95f34ad217fb49dab977b45ec13d8e736f8b53b537e5266a7e51d5bf5#rd,
虾周期降临，小龙虾批发价暴跌70%,http://mp.weixin.qq.com/s?__biz=MzU5MzcyMzc2OQ==&mid=2247485790&idx=1&sn=41af2f664c952cc4072413859a4156af&chksm=fe0d6148c97ae85e85890056027648a1066d79a39b21f8c00856d473c26162d66549f3ddbc50#rd,
富学校和穷学校，直升机和锈铁门,http://mp.weixin.qq.com/s?__biz=MzU5MzcyMzc2OQ==&mid=2247485768&idx=1&sn=45149b5423455eb2ee80718f85484a21&chksm=fe0d615ec97ae848ff32f593c124aee5687a6dd5043704651543b0ca67e3a4a02bdd2517c770#rd,
152万性邪教门徒，和正在被他们祸害的1000万中国女人,http://mp.weixin.qq.com/s?__biz=MzU5MzcyMzc2OQ==&mid=2247485749&idx=1&sn=f77859c91c75890a87695501a83aa239&chksm=fe0d6123c97ae835b0994ff444cd8b33269c6344cf8758382a6d094cc98df2f62eb77e767351#rd,
战场上得不到的，谈判桌上也别想得到,http://mp.weixin.qq.com/s?__biz=MzU5MzcyMzc2OQ==&mid=2247485730&idx=1&sn=6b1f2a20a2aeaf94cb5c10b454a76a1f&chksm=fe0d6134c97ae82234a3ea54afb29661b273da29a060a4440272a048689c19a41f3a617befcc#rd,
今天给大家推荐两个很不错的公众号,http://mp.weixin.qq.com/s?__biz=MzU5MzcyMzc2OQ==&mid=2247485720&idx=2&sn=1b8855b77e29c3f2bb92ea59108f3c2d&chksm=fe0d610ec97ae81831e566f8365c91803c9a0b0b3e8fbad26757cfde8d8765975195a2f35b22#rd,
你不爱竞争，但竞争不会放过你,http://mp.weixin.qq.com/s?__biz=MzU5MzcyMzc2OQ==&mid=2247485704&idx=1&sn=9148538c631dece92c382189d7a67b66&chksm=fe0d611ec97ae8087c3078ddc212a1fc9a079b290dbce50d9dfb78ab799b74e6b0db63758f8d#rd,
被辞退获赔数十万仍抗议，舒适的工作背后是巨大的风险,http://mp.weixin.qq.com/s?__biz=MzU5MzcyMzc2OQ==&mid=2247485685&idx=1&sn=d08f31406d37f8ed6fbda36d6139c93a&chksm=fe0d60e3c97ae9f5ece0c07669c648cd56aabf8d72a4129f14e7bd9d8473cfb28699d2fe9d5f#rd,
深扒美国黑幕，靠山寨起家，还喜欢贼喊捉贼,http://mp.weixin.qq.com/s?__biz=MzU5MzcyMzc2OQ==&mid=2247485663&idx=1&sn=527391439f16653d42ed5670af6d43a9&chksm=fe0d60c9c97ae9df49c89699d76fbd1e9ad6e729f151adfabf4bc8c3709bdb192c8764e4e622#rd,
北京两套房，拜师郭德纲，生病居然还要众筹百万？,http://mp.weixin.qq.com/s?__biz=MzU5MzcyMzc2OQ==&mid=2247485655&idx=1&sn=944c0a0b6990f2c775275770f13e56b7&chksm=fe0d60c1c97ae9d731b2d9dc97879bfeffd13113eae830dfe2e1e89e61d4af35f984847ede0a#rd,
真有钱，花4300万只为买一个美国文凭,http://mp.weixin.qq.com/s?__biz=MzU5MzcyMzc2OQ==&mid=2247485639&idx=1&sn=e5e8d57a23a28e80e2c33211bada769d&chksm=fe0d60d1c97ae9c75388c2e0a950115953b4a4041b6883e745a64ea1da46973c93fc95fbd1d4#rd,
听说，有6成人对自己的薪水不满意,http://mp.weixin.qq.com/s?__biz=MzU5MzcyMzc2OQ==&mid=2247485614&idx=1&sn=69e2ec44d718d4667f2192a4a38581e9&chksm=fe0d60b8c97ae9ae5be83b2f830613036ff5ee9947eaf62b578ad156b4443d681b6908d6aa63#rd,
儿子的婚房，为什么被老赖霸占了50年,http://mp.weixin.qq.com/s?__biz=MzU5MzcyMzc2OQ==&mid=2247485607&idx=1&sn=1e901368536ea28c7dbbfb30c431d316&chksm=fe0d60b1c97ae9a790bdf2686f20c6a44b7aa36b5ccb02381fe921316aaf9cbfd4dc81233cc0#rd,
都是警察，差别怎么就那么大呢,http://mp.weixin.qq.com/s?__biz=MzU5MzcyMzc2OQ==&mid=2247485602&idx=1&sn=f4350cdea349406238c56f5f3f261c6a&chksm=fe0d60b4c97ae9a227f13801aedad43b0d66cd27f60d16ace308806ba33483c89df80273563c#rd,
看个病要排队两年，癌症都被拖成晚期,http://mp.weixin.qq.com/s?__biz=MzU5MzcyMzc2OQ==&mid=2247485588&idx=1&sn=80de391a8e0eaa91358674c339e5b37d&chksm=fe0d6082c97ae994094aa4e58de95aa5a883ca0184c775ec8704403315ae856883bea1e54d5b#rd,
大好事，电子社保卡终于要惠及全民了,http://mp.weixin.qq.com/s?__biz=MzU5MzcyMzc2OQ==&mid=2247485579&idx=1&sn=12ee10e3e6bbdfd5ca8b22fd70f2926f&chksm=fe0d609dc97ae98b302766227c1f8ef7279864a9d9aacb95dbe16efe8f46ba6e5735139b3567#rd,
太惨了，下辈子干啥都行，再不敢来中国贩毒了,http://mp.weixin.qq.com/s?__biz=MzU5MzcyMzc2OQ==&mid=2247485568&idx=2&sn=fdabe596e4833fcbdc35f070b98d21e2&chksm=fe0d6096c97ae9801001a972ee0e74a23a50386d1ce0011ddd02c5eb937ea81f324fef0e10f7#rd,
如何升职加薪，刘强东女助理今天给你做示范,http://mp.weixin.qq.com/s?__biz=MzU5MzcyMzc2OQ==&mid=2247485564&idx=1&sn=f433532ce81dae3ba1064929bb547129&chksm=fe0d606ac97ae97c93a68284fb605821284327f15b4662126c7ef856a760f26959b74993bf22#rd,
炒房客彻底绝迹，房源抛售量激增,http://mp.weixin.qq.com/s?__biz=MzU5MzcyMzc2OQ==&mid=2247485553&idx=1&sn=4e2464e055dcdb22c713c4d6b2514c08&chksm=fe0d6067c97ae9715d4d3c2f951dc2bef2eef4250b50fa45a4770a2e55f7b54eb5ad6807041e#rd,
​袭击平民是恐怖组织存在的唯一意义，“伊斯兰国”应被彻底铲除,http://mp.weixin.qq.com/s?__biz=MzU5MzcyMzc2OQ==&mid=2247485540&idx=1&sn=131dd434cecf1029eaccea5ad05967ba&chksm=fe0d6072c97ae9642f4a8812468f64513ebf53ec360bd6c30e7fff39e4402175627c22ba4fdd#rd,
重磅视频证据流出，难怪美国警方释放刘强东,http://mp.weixin.qq.com/s?__biz=MzU5MzcyMzc2OQ==&mid=2247485533&idx=1&sn=31b8ba5cd54bcd1fc4beb2581f94adba&chksm=fe0d604bc97ae95d3c8116e42b4bbb013b9924fb5e0b818e274c4757f616c6225c4575ada0ab#rd,
进错一次QQ群，你的1600万可能就没了,http://mp.weixin.qq.com/s?__biz=MzU5MzcyMzc2OQ==&mid=2247485520&idx=1&sn=cb0bdce7b69afc7109e6cd8ee6ec679d&chksm=fe0d6046c97ae950eaa51f39817cf4329c293180cf4098bc94378b835cb987e43dc16fcbacc6#rd,
科创板是怎样让你赚钱的,http://mp.weixin.qq.com/s?__biz=MzU5MzcyMzc2OQ==&mid=2247485508&idx=1&sn=e933ece114b9da67a087511d9f862bb2&chksm=fe0d6052c97ae9446113c23a6d347993c683af7c3b0f74ba3ee754aacd640708d2ac4ff48dec#rd,
所谓横盘，就是莫名其妙的涨，莫名其妙的跌|月度预测,http://mp.weixin.qq.com/s?__biz=MzU5MzcyMzc2OQ==&mid=2247485497&idx=1&sn=f17e9d84adac350bc30cb7f28918a3fe&chksm=fe0d602fc97ae939640b66625d47969986cf9dc9a501b4a43fe4fa3cd3f90c3a52fa94680410#rd,
毁掉一个白富美真的很简单,http://mp.weixin.qq.com/s?__biz=MzU5MzcyMzc2OQ==&mid=2247485483&idx=1&sn=725d6561a8706af6d00face93a7fdef8&chksm=fe0d603dc97ae92bc75caec2d3b7e67ccd1d6de3154954bee08f173e37a868bf4f132f474235#rd,
骂马云没用，996争端只是个开始，赚不到钱谁也没辙,http://mp.weixin.qq.com/s?__biz=MzU5MzcyMzc2OQ==&mid=2247485459&idx=1&sn=f6c90cf1fc10ba1ebb33406eca0c057d&chksm=fe0d6005c97ae91369fcd9e82d25e3fee52c3bdb9a78eaf96426ba4bc0091c0e2b74b9cfe136#rd,
好好的一个气质美女，怎么就变成了泼妇,http://mp.weixin.qq.com/s?__biz=MzU5MzcyMzc2OQ==&mid=2247485441&idx=1&sn=7687a75394f813abf8d4eb0b1406f55c&chksm=fe0d6017c97ae9011acc170fc47b501a0c088029f0d0be259d0411a4f4ac994f521c656f5133#rd,
今天我要批评下大企业的客服系统,http://mp.weixin.qq.com/s?__biz=MzU5MzcyMzc2OQ==&mid=2247485424&idx=1&sn=f3c825579845a85263f11d859ae3858b&chksm=fe0d6fe6c97ae6f0476fef970ee39bed015b71f37e514b622499f191726f977ef0c359ade660#rd,
你是穷人还是富人，取决于效率和学历,http://mp.weixin.qq.com/s?__biz=MzU5MzcyMzc2OQ==&mid=2247485411&idx=1&sn=440b98ee439c8b3bf74634fddef404f8&chksm=fe0d6ff5c97ae6e3d0211f807f2f692e26c81af6d353a526b6ceff80ef99869ae5d28baae384#rd,
中国的一票否决权，是靠血换来的,http://mp.weixin.qq.com/s?__biz=MzU5MzcyMzc2OQ==&mid=2247485405&idx=1&sn=6f5c47c79fcb80a084aa5023c40d315c&chksm=fe0d6fcbc97ae6ddf0550d7035e010d356c51e404fe7b7ed394bb08a2ac23fa0cfa10676d403#rd,
京东没有兄弟，只有性价比,http://mp.weixin.qq.com/s?__biz=MzU5MzcyMzc2OQ==&mid=2247485400&idx=1&sn=c8974b72c7d5ccca25bf00cffc6d5c50&chksm=fe0d6fcec97ae6d844f769a2e6123ff21bf5346805354ebff6711a17fd26222839bab6af1b8d#rd,
注册制掀起的激荡风云,http://mp.weixin.qq.com/s?__biz=MzU5MzcyMzc2OQ==&mid=2247485381&idx=1&sn=193c0dc0ab92de19a71729de2452b919&chksm=fe0d6fd3c97ae6c5ad935f2689fa68f6203823c5388004995dee10c7d1e2e8951d63398b7e1c#rd,
刚刚，各大互联网公司联手宣布，反对加班“违法”,http://mp.weixin.qq.com/s?__biz=MzU5MzcyMzc2OQ==&mid=2247485358&idx=1&sn=8e083c10d9bc1f0a52ff8d95298d8a28&chksm=fe0d6fb8c97ae6ae4cdf5a26a6c3d4ed0f1e4678b260e53877f4fde89f807c55070564c10ee2#rd,
真赚钱，成本12售价100的坟地产行业,http://mp.weixin.qq.com/s?__biz=MzU5MzcyMzc2OQ==&mid=2247485342&idx=1&sn=19dfd8a8a44e982d59ba60b75fd081ef&chksm=fe0d6f88c97ae69e154054c636e6a1003690423860d9787f31621b40096db24cc10ba6d58165#rd,
深夜痛哭，男人坚强的世界里是你想不到的脆弱,http://mp.weixin.qq.com/s?__biz=MzU5MzcyMzc2OQ==&mid=2247485332&idx=1&sn=49e468bd19cab1546c3d3813da05e731&chksm=fe0d6f82c97ae69466604ef0665d5646b91ab27efabed92efe0b8cc5530c2cbaa52e33384b02#rd,
咪蒙，糟糠之夫不可弃,http://mp.weixin.qq.com/s?__biz=MzU5MzcyMzc2OQ==&mid=2247485317&idx=1&sn=ea66206aefdfe642f5456f3685b5174a&chksm=fe0d6f93c97ae6850c0fefd5f766759011d16b1ad81adaa5a44034f7718d0e5965746c66ff8b#rd,
投巨资补贴非洲留学生，是国家下的一盘大棋,http://mp.weixin.qq.com/s?__biz=MzU5MzcyMzc2OQ==&mid=2247485302&idx=1&sn=fa3d112d5f872033d8b57040be6cf99e&chksm=fe0d6f60c97ae6768a85ec37f02db73693c42a7fbbb67ef69484dbd330602a21c35d397569c7#rd,
白种人好看？这种谎话你也信啊！,http://mp.weixin.qq.com/s?__biz=MzU5MzcyMzc2OQ==&mid=2247485285&idx=1&sn=db048a083e32f3a4abd2d208a207629e&chksm=fe0d6f73c97ae665bd1024af74eb87447757414d94ad1bbd6c68974473ce7d254ad9767321df#rd,
房地产税该不该收，该什么时候收,http://mp.weixin.qq.com/s?__biz=MzU5MzcyMzc2OQ==&mid=2247485271&idx=1&sn=92505c63433a481d4e922392ef4d7c1f&chksm=fe0d6f41c97ae6572f969ee8fd7dbd763ff67fe667e6aec5c8fd436881f185c40b170362e810#rd,
我是太子酒楼，我们企业大到不能倒,http://mp.weixin.qq.com/s?__biz=MzU5MzcyMzc2OQ==&mid=2247485263&idx=1&sn=40d75f52dc89212b7509089b8cbbcbe5&chksm=fe0d6f59c97ae64ffd721e506ee42ccb80d410a459eccc2b8824b2bc5ee3411f58bc5c163e13#rd,
惊天大雷，排名前十的团贷网已被警方调查控制，22万借款人今夜难眠,http://mp.weixin.qq.com/s?__biz=MzU5MzcyMzc2OQ==&mid=2247485247&idx=1&sn=c86f45b61920fbfa9b379692c52471c9&chksm=fe0d6f29c97ae63f7c695049521f29967902694aec3f237d6a35776ea8505373b80daa7c7187#rd,
欧洲人都是假圣母，他们根本不爱难民,http://mp.weixin.qq.com/s?__biz=MzU5MzcyMzc2OQ==&mid=2247485231&idx=1&sn=818a6cb471bc430b58aa5cd771a3b7b5&chksm=fe0d6f39c97ae62f7e35827d73961b8d5e7e99fe1224e631621c262418d82ca1e718cfe45f66#rd,
房价暴涨后，开发商反悔拒交房，要求业主补6亿差价,http://mp.weixin.qq.com/s?__biz=MzU5MzcyMzc2OQ==&mid=2247485220&idx=1&sn=037852aefeaa29e065264a5ae9f1a91f&chksm=fe0d6f32c97ae624dde729066385aa1ff5ec0fa4597dbb173cae710c0d1f383be747d18fa430#rd,
资产破千万算不算有钱人,http://mp.weixin.qq.com/s?__biz=MzU5MzcyMzc2OQ==&mid=2247485214&idx=1&sn=d3392aa57115cbf6ed0460be5cbf7504&chksm=fe0d6f08c97ae61e3852d3e65ad8847c5cff9a36ce8c6010a976158c0c8bb5ac935e3622266f#rd,
年轻人羡慕的不是沈大师，而是他26年的带薪流浪,http://mp.weixin.qq.com/s?__biz=MzU5MzcyMzc2OQ==&mid=2247485193&idx=1&sn=de0713a7816d3fbcbab8d0d34d73e1af&chksm=fe0d6f1fc97ae609c3c6bb1e0f278c1efa3d711da1459b6b1fd4d47063b8a8a4cc2eb7a7a13a#rd,
半年能赚4.4万倍的生意，有没有兴趣了解一下,http://mp.weixin.qq.com/s?__biz=MzU5MzcyMzc2OQ==&mid=2247485155&idx=1&sn=a1dc5438009690c008d82e7ed65851d9&chksm=fe0d6ef5c97ae7e33c8d4bbbd94d2ff41f1f1f7355d124b83baad1aa8d4b919adbccd005bf57#rd,
地球上的石油，3000年都用不完,http://mp.weixin.qq.com/s?__biz=MzU5MzcyMzc2OQ==&mid=2247485140&idx=1&sn=fc6336314c30b0d419621c0c6dff4cc3&chksm=fe0d6ec2c97ae7d48fc209397234d443beb7fe0c771aa660f39c1578e8b962c854b716518d89#rd,
GDP强大的中国，战争潜力远超你的想象,http://mp.weixin.qq.com/s?__biz=MzU5MzcyMzc2OQ==&mid=2247485131&idx=1&sn=a811baacc5f6a6f6ec1259759935c710&chksm=fe0d6eddc97ae7cba629f5744387187c8d6c7ee052f2936614134eaa678be050c8de6a6e4b31#rd,
未来一个多月，股市要进入横盘状态了,http://mp.weixin.qq.com/s?__biz=MzU5MzcyMzc2OQ==&mid=2247485117&idx=1&sn=0c69d1b1a7c940d6291a7401edc089c3&chksm=fe0d6eabc97ae7bddcd34b1ecea8ee7d6788a9827c938f075f7d088b452510437b6d4fea3b9e#rd,
婚后克制女人的神器,http://mp.weixin.qq.com/s?__biz=MzU5MzcyMzc2OQ==&mid=2247485105&idx=1&sn=3d55b8f6ef0ab50fdaf85a5bb66a30a4&chksm=fe0d6ea7c97ae7b1a6e28247de0e7b79497f1aee224ccfa794dbafcdc89916130a72eec3ed1a#rd,
学历高，收入一定高，拿几个铁证给大家看看,http://mp.weixin.qq.com/s?__biz=MzU5MzcyMzc2OQ==&mid=2247485095&idx=1&sn=f2cc987aa1108bb4a1b943614ad4f036&chksm=fe0d6eb1c97ae7a7724b168979f9f32b23ba1fe51441ce53d02cf7d690312e107e74e072bbd9#rd,
猪的战斗力比你强多了,http://mp.weixin.qq.com/s?__biz=MzU5MzcyMzc2OQ==&mid=2247485076&idx=1&sn=e9b92b4decd9b583811ca845aedc7078&chksm=fe0d6e82c97ae794e87c30877e993046ab2997e7975e84913ddd6397619d49bcbd12a301fb3c#rd,
你吃的这款药，毒副作用尚不明确,http://mp.weixin.qq.com/s?__biz=MzU5MzcyMzc2OQ==&mid=2247485034&idx=1&sn=6d0117364114bf53b54309fb28d0500e&chksm=fe0d6e7cc97ae76a1a0d2cee5538420f8975f1be70867921b47ba5d0b8696c324b2f87965b9f#rd,
楼市和股市运转的本质规律是什么,http://mp.weixin.qq.com/s?__biz=MzU5MzcyMzc2OQ==&mid=2247485019&idx=1&sn=4208812443f9621fc05ce3a688572080&chksm=fe0d6e4dc97ae75b0bc9700980de070d917dd45b86ecf8930b54f59ff2ad56ef1d5d456bec94#rd,
公司破产引发主播讨薪，还是王思聪创立的熊猫TV,http://mp.weixin.qq.com/s?__biz=MzU5MzcyMzc2OQ==&mid=2247485013&idx=1&sn=58d39e53f7c654e018149eb93798d029&chksm=fe0d6e43c97ae755085b59e756d8cf62fd763ca221448965b4f91e640fc0c374eb44d1d54cf1#rd,
今天闲聊下人类的和平,http://mp.weixin.qq.com/s?__biz=MzU5MzcyMzc2OQ==&mid=2247485001&idx=1&sn=5297362db90c7dbe52ee49c0bde9c93d&chksm=fe0d6e5fc97ae749332a8820978fd4999514c7f0aff617ec1e71dbccb37eb84b544c673fcee7#rd,
今天闲聊下人类的和平,http://mp.weixin.qq.com/s?__biz=MzU5MzcyMzc2OQ==&mid=2247485000&idx=1&sn=5e8fa21a183d417c6eb6bbd35b4c3138&chksm=fe0d6e5ec97ae748c34ed3398e4fe6d160f08c53218781b0d90136667024b7abadff9cf52c00#rd,
买一送一 | 雨哗啦啦地下，何不来一杯红豆薏米茶？,http://mp.weixin.qq.com/s?__biz=MzU5MzcyMzc2OQ==&mid=2247485000&idx=2&sn=2777919433844069d5f9e1813d397949&chksm=fe0d6e5ec97ae74807aa1550a140fa81b6006e06bff16c27fe3af33b63baa5db02f96de387e2#rd,
大减税，老百姓税负将降低2万亿,http://mp.weixin.qq.com/s?__biz=MzU5MzcyMzc2OQ==&mid=2247484984&idx=1&sn=dcb8f81126d8d6b2cbf83a685cc788ff&chksm=fe0d6e2ec97ae738d55fbd4ba5f0a87c1371115e532f4d31c19714b8036eeda834607da64f5c#rd,
你的押金变成了虚拟金币，OFO赖账赖出新高度,http://mp.weixin.qq.com/s?__biz=MzU5MzcyMzc2OQ==&mid=2247484927&idx=1&sn=cc589c1a17c74e8b3c43e45338586ce0&chksm=fe0d6de9c97ae4fffbd46e82b9a32bb400275830270662ef83711fc77c6307882af8a586407e#rd,
突发! 克什米尔大空战，国产枭龙双杀印度战机,http://mp.weixin.qq.com/s?__biz=MzU5MzcyMzc2OQ==&mid=2247484915&idx=1&sn=03d2e2caf0550325e2b008bba23722a6&chksm=fe0d6de5c97ae4f336c7186cb49397b30be0226b0538014e8465d96d5b5e3a902fa6f38802b0#rd,
一名中国人的安乐死，理解，但暂时无法接受,http://mp.weixin.qq.com/s?__biz=MzU5MzcyMzc2OQ==&mid=2247484902&idx=1&sn=7378158562c5cba3ef8706a0e436896d&chksm=fe0d6df0c97ae4e678c796505c73387d0f49e982e7c7135b1368c27f94a0e439115418190c29#rd,
科学家的大反击，偶像明星将被AI全面淘汰,http://mp.weixin.qq.com/s?__biz=MzU5MzcyMzc2OQ==&mid=2247484888&idx=1&sn=39cc6ecf196e0112c249ffa29d8b4bdf&chksm=fe0d6dcec97ae4d8bad45f2a29baddc2599fbba8457bb66133f5f044040adb6bc04baebd800c#rd,
今天，A股期权上涨了192倍,http://mp.weixin.qq.com/s?__biz=MzU5MzcyMzc2OQ==&mid=2247484874&idx=1&sn=dc361028895edb7d09a333381849781c&chksm=fe0d6ddcc97ae4cac2e0449d0fbc5a9e716176a70a84ac05e4460705e27d09e8a2e70629a6aa#rd,
靠盘剥中国学生发财的知网税,http://mp.weixin.qq.com/s?__biz=MzU5MzcyMzc2OQ==&mid=2247484855&idx=1&sn=259be7413f7b83dc94cb0b2ca6f7ffcb&chksm=fe0d6da1c97ae4b75197d23244dcf302320650ab17326e96ed57fba0b019f0bbf75dbd207e23#rd,
公摊面积被彻底取消，房价走势分析,http://mp.weixin.qq.com/s?__biz=MzU5MzcyMzc2OQ==&mid=2247484839&idx=1&sn=21d7708f3d75d4e4f352ffc52d012c4b&chksm=fe0d6db1c97ae4a7aa0a8dd71ada40a7aebe6607a2bc0c3a11931fe5595d45654158ff821abe#rd,
人到中年，对自己的牙齿好一点，不然它要罢工了,http://mp.weixin.qq.com/s?__biz=MzU5MzcyMzc2OQ==&mid=2247484830&idx=1&sn=255df0b51127801a6c96162adeb14f07&chksm=fe0d6d88c97ae49e2512ed2b064a1109e5052843f9f704c1ff08e858f4356c13e44a3a7b82f7#rd,
你吃的猪肉，要涨价了,http://mp.weixin.qq.com/s?__biz=MzU5MzcyMzc2OQ==&mid=2247484813&idx=1&sn=2f2d24e9dd434e5734af711722134afe&chksm=fe0d6d9bc97ae48da8c00849ec04a738684ec41d1051cc5cff2c16d2a13376b525e9bd31badc#rd,
一些不起眼但是很暴利的项目,http://mp.weixin.qq.com/s?__biz=MzU5MzcyMzc2OQ==&mid=2247484804&idx=1&sn=354eaed21f5a5aca8e92e980f55fc534&chksm=fe0d6d92c97ae484d3de1e9a0978cd58d4ca15a29162d8d2fae729b3a99b62a68c1afbf70243#rd,
为什么刘强东肯定不会离婚，而你不一定,http://mp.weixin.qq.com/s?__biz=MzU5MzcyMzc2OQ==&mid=2247484793&idx=1&sn=60b1e6ed68fe36c2b3347e72094845b2&chksm=fe0d6d6fc97ae47938a5c757b30d9f59853fdd8705a76ac684410b4c2ca4312af08ecd2b8b34#rd,
春天来了，滴滴却要裁员2000人开始过冬,http://mp.weixin.qq.com/s?__biz=MzU5MzcyMzc2OQ==&mid=2247484786&idx=1&sn=c8e46473483dc91160912fdda872aa7a&chksm=fe0d6d64c97ae47248fe14c5d3912e028ba5f9093adb836e065515d3a1def29aaae61022e07c#rd,
农村金融大变革，央行要给农民发钱了！,http://mp.weixin.qq.com/s?__biz=MzU5MzcyMzc2OQ==&mid=2247484743&idx=1&sn=f2ba3f7beb7d9c28712fa75b5a0bbf38&chksm=fe0d6d51c97ae44721cf6ba10f1dcbb02840d323232ab1460bf07db94d669aa7cb7263146303#rd,
1994年，木星曾帮地球抗下了21波灭星级打击,http://mp.weixin.qq.com/s?__biz=MzU5MzcyMzc2OQ==&mid=2247484727&idx=1&sn=938569968ad0248d1a33a6fd0957ef40&chksm=fe0d6d21c97ae437225eadfb616a975eac3a2076e433885ff3824b6ffa50f78d4924b1febd18#rd,
明星靠造假就能当北大博士后，这是在侮辱努力的普通人,http://mp.weixin.qq.com/s?__biz=MzU5MzcyMzc2OQ==&mid=2247484713&idx=1&sn=ee0b7f56df36350b48b07793ac0942ba&chksm=fe0d6d3fc97ae429665659a87db0d3318ecb9e0b63f03c3c20898a7b80fc76a09f0f5b46f121#rd,
国家在努力帮你实现财富自由，只是你不相信而已,http://mp.weixin.qq.com/s?__biz=MzU5MzcyMzc2OQ==&mid=2247484695&idx=1&sn=317ca99925b0096f97f5912400cbdbf7&chksm=fe0d6d01c97ae417038dd40e624ceb647ac26321d1b345fd9f40655dc80939d73ebaee842bac#rd,
年猪、年货、年味,http://mp.weixin.qq.com/s?__biz=MzU5MzcyMzc2OQ==&mid=2247484672&idx=1&sn=110de4a71a7aac2671325d780307b76c&chksm=fe0d6d16c97ae40063bd0e078190afea95994b2f9695d0b0c83788f1928b7811b76c4be14001#rd,
逼婚不行，相亲可以,http://mp.weixin.qq.com/s?__biz=MzU5MzcyMzc2OQ==&mid=2247484667&idx=1&sn=0ed61321146f75d663d2ac8c9ac02b41&chksm=fe0d6cedc97ae5fbbe8b1910c25b2cc2726369edf14b26b306a301a1770e04d82911eb841775#rd,
如果城市里没有了农民工，那么它的经济会变成什么样子？,http://mp.weixin.qq.com/s?__biz=MzU5MzcyMzc2OQ==&mid=2247484659&idx=1&sn=34dfd043baf692274c38d47d7e27b9c3&chksm=fe0d6ce5c97ae5f3b8dbe79e50162edbaadf539f2f82709c9aa7ae55443bad2d063c459c16a8#rd,
我不能动这个手术,我老婆马上就要生了，家里还有房贷,http://mp.weixin.qq.com/s?__biz=MzU5MzcyMzc2OQ==&mid=2247484643&idx=1&sn=140f3115f5dd0a0da170c046431f8c15&chksm=fe0d6cf5c97ae5e3e4cdd59ad65a9461e72af8ab0c17fa7f3488b940ed0151c32a50459966ca#rd,
智力技能点满之后，系统会出BUG,http://mp.weixin.qq.com/s?__biz=MzU5MzcyMzc2OQ==&mid=2247484631&idx=1&sn=7d4f8724c62b55a87423547374243f40&chksm=fe0d6cc1c97ae5d76ee7acc62975343f4ceb7b7982a7735e8920c326eecf76432bc5e58a0679#rd,
扫完马云的五福，你至少要亏43块钱,http://mp.weixin.qq.com/s?__biz=MzU5MzcyMzc2OQ==&mid=2247484624&idx=1&sn=6c0bcc8a42cbb687de7882b6220aa2b1&chksm=fe0d6cc6c97ae5d060d39aab2b38dab788d34e79aebbb8ba52e15c56d0a81525382998279cf6#rd,
买灯送奥迪，车灯三万一个合理么？,http://mp.weixin.qq.com/s?__biz=MzU5MzcyMzc2OQ==&mid=2247484607&idx=1&sn=faf4e55a4992c339977658d471bb6524&chksm=fe0d6ca9c97ae5bf487995f81324cdefdecb707afd00f5608033e569fd2501a6f9357ada8901#rd,
从中国历史债务演化推断未来的房价走势,http://mp.weixin.qq.com/s?__biz=MzU5MzcyMzc2OQ==&mid=2247484600&idx=1&sn=d93b36700444d38b345a48eede67166a&chksm=fe0d6caec97ae5b8b910584836ae5e83178a06620a13d3e7df337085c29e5424733715a6d1f7#rd,
月入2000，你就是中等收入群体,http://mp.weixin.qq.com/s?__biz=MzU5MzcyMzc2OQ==&mid=2247484585&idx=1&sn=60dba8616e2c7a54f74c5e4ffb1338e8&chksm=fe0d6cbfc97ae5a94b43058d0873f89fb68d0dc07e42adb091ff1ed343c91a6090e0f1c408d1#rd,
刚刚，统计局公布最新人口出生数据，囤房子不如囤孩子的时代降临了,http://mp.weixin.qq.com/s?__biz=MzU5MzcyMzc2OQ==&mid=2247484558&idx=1&sn=ed166821125e3550bc727f22db86fdc7&chksm=fe0d6c98c97ae58ea419fc57e4dc3c24068c70cc7d59695e0efe71f15561a9c157a6ce5454a9#rd,
全国爆发甲流疫情，我们应该怎么做？,http://mp.weixin.qq.com/s?__biz=MzU5MzcyMzc2OQ==&mid=2247484533&idx=1&sn=560e780f78dff33bd5dc2d5de46a0777&chksm=fe0d6c63c97ae575b45c3a1359a45fa7187e971078fbf577b13b1dfa50d6590e83c0e0f9a6d8#rd,
吴秀波把小三白睡7年，然后送进监狱，要分手费是否合法？,http://mp.weixin.qq.com/s?__biz=MzU5MzcyMzc2OQ==&mid=2247484524&idx=1&sn=75e814e4353aceebf18ce5369ff248d2&chksm=fe0d6c7ac97ae56c9316b5b78a514af8551de37d8ad85fbbf2829831c2f2a33b9c4ef1db502e#rd,
找工作和招聘，今年的数据令人震惊,http://mp.weixin.qq.com/s?__biz=MzU5MzcyMzc2OQ==&mid=2247484512&idx=1&sn=9018df6f50006a4b04940ebd711195c3&chksm=fe0d6c76c97ae560c9510c55b889b683877fd690e021a8e93b2ee81ecc79ff112bf00994960d#rd,
关于找工作，我发现了一组非常有趣的数据,http://mp.weixin.qq.com/s?__biz=MzU5MzcyMzc2OQ==&mid=2247484497&idx=1&sn=9e46a7e4122d11589ff1a6de76d17be8&chksm=fe0d6c47c97ae5515f58bc6d3c1a1d1d734ee3d50a2b0a5839929c360a0b4fdb37ddef2499a7#rd,
2亿印度人罢工游行，全球93%资产下跌,http://mp.weixin.qq.com/s?__biz=MzU5MzcyMzc2OQ==&mid=2247484473&idx=1&sn=b03900173df69d32ede0ea063ccc5285&chksm=fe0d6c2fc97ae53987fd28c24ee806bec248de21b51f982c0b375a935a79580bec1180061ed8#rd,
工资暴涨30%，这些行业越来越金贵了？,http://mp.weixin.qq.com/s?__biz=MzU5MzcyMzc2OQ==&mid=2247484463&idx=1&sn=de8ee7078e33c0702c4eb55e50e6fc3c&chksm=fe0d6c39c97ae52f3eb6e732e5d01e5a1294d97054ce9d6bd221badd9c7ea6913a40423f155f#rd,
房价不会再下跌了，房贷出了新政策,http://mp.weixin.qq.com/s?__biz=MzU5MzcyMzc2OQ==&mid=2247484450&idx=1&sn=50687de53116951b4ea0290904e99d5c&chksm=fe0d6c34c97ae522114baf1bd5df7bca8fce4e6df9541da4b3c9ea3e6f7bae109daf70c316c3#rd,
因为钱的问题，我对外星人不感兴趣,http://mp.weixin.qq.com/s?__biz=MzU5MzcyMzc2OQ==&mid=2247484428&idx=1&sn=3f492ac364ee770aa03644e36c241c13&chksm=fe0d6c1ac97ae50ccd6cf935a075fb817820c27ca8f700023edb1765a5692283c59522bd36b0#rd,
苹果手机价格剧烈下跌，普降千元全网大促销,http://mp.weixin.qq.com/s?__biz=MzU5MzcyMzc2OQ==&mid=2247484417&idx=1&sn=324ef8cbe519247af2cccd890f6be12e&chksm=fe0d6c17c97ae501939e115989a71f66399c6e2e73eb8a1abb72b3a96fef594645dbea8eed7d#rd,
落幕，最后一辆比亚迪电动出租车彻底退出香港市场,http://mp.weixin.qq.com/s?__biz=MzU5MzcyMzc2OQ==&mid=2247484399&idx=1&sn=87e039c2044e93152b94b363b714059d&chksm=fe0d6bf9c97ae2ef21951fa4d1ce34f8be250cda9318f9fd909321f079f0f766218aa2773b17#rd,
大降税，国家宣布对小微企业实行普惠性税收免除,http://mp.weixin.qq.com/s?__biz=MzU5MzcyMzc2OQ==&mid=2247484379&idx=1&sn=62398d6b1a1afe286851417e3a649875&chksm=fe0d6bcdc97ae2dbb604b625125d03246b77cc6537681d62ef4b4b8efa9ed869eafbc3db15e3#rd,
2亿中国人在租房，一半丈母娘无奈认可租房结婚,http://mp.weixin.qq.com/s?__biz=MzU5MzcyMzc2OQ==&mid=2247484368&idx=1&sn=742a4fb9fa0ce243eee46ea3267de7a1&chksm=fe0d6bc6c97ae2d0a8e673778f14f819c23e496980bdc8ce5d7ce659c6687ee73c16b80b0746#rd,
危险！智能锁爆出重大漏洞，家庭安全不容忽视,http://mp.weixin.qq.com/s?__biz=MzU5MzcyMzc2OQ==&mid=2247484353&idx=1&sn=a06863fee79ba42ef95157fcc29ac2fa&chksm=fe0d6bd7c97ae2c1afcf86a7d9c0f5e885cb25276aa335958046b6f89390d8fe8d20bd052f56#rd,
神药克星！读完本文，你的父母将彻底摆脱权健类神药的骗局,http://mp.weixin.qq.com/s?__biz=MzU5MzcyMzc2OQ==&mid=2247484339&idx=1&sn=59ddee7caa6dee2a4986e84f8acabba1&chksm=fe0d6ba5c97ae2b3990c55f066dbe8394ed8426c63721bd5c63d27b4bc6e2235fa1286617c1e#rd,
苹果销售量暴跌30%，码农高工资的黄金时代结束了,http://mp.weixin.qq.com/s?__biz=MzU5MzcyMzc2OQ==&mid=2247484319&idx=1&sn=2bb3e9ee6ea4bce67c35fb725e151a64&chksm=fe0d6b89c97ae29fe355a6dda0ce2caab05e56421ee1adde5904286ad7d3dc0e6919e7aefc69#rd,
因为他，中国的小儿麻痹症被彻底消灭了,http://mp.weixin.qq.com/s?__biz=MzU5MzcyMzc2OQ==&mid=2247484310&idx=1&sn=4355820e896d7f9f862115f5f37c6570&chksm=fe0d6b80c97ae2965330fb956eca1b303ebe383cdfde041a2912cfc4856895a385f89d2393b9#rd,
人体内都发现塑料微粒了，大自然的惩罚从来没放过谁,http://mp.weixin.qq.com/s?__biz=MzU5MzcyMzc2OQ==&mid=2247484298&idx=2&sn=b2420a18437876c36205a26bd5ee4034&chksm=fe0d6b9cc97ae28a153e044acf83e96ee624c2d5090c5ed680abc5f4e01f0039abaeb1ede3dd#rd,
这年头，去火锅店端盘子都要求985学历了,http://mp.weixin.qq.com/s?__biz=MzU5MzcyMzc2OQ==&mid=2247484288&idx=1&sn=02e289968ec7c70818443a0b6a71d852&chksm=fe0d6b96c97ae280a762c6401b56423cc19e41dfa5451ba7a4dc2c134a9051c19d635c1ca92b#rd,
江苏卫视，你能不能不造假,http://mp.weixin.qq.com/s?__biz=MzU5MzcyMzc2OQ==&mid=2247484270&idx=1&sn=9cbde7cd1805feb52f1414a955879b2a&chksm=fe0d6b78c97ae26e1f0f521583a830f34afc8bbe5ed214eb5f995e364e0df19a0b5f714a0e77#rd,
万里长征能成功简直就是军事奇迹,http://mp.weixin.qq.com/s?__biz=MzU5MzcyMzc2OQ==&mid=2247484229&idx=1&sn=0ba4dcc69f309ff8e8b21b5231db2fa2&chksm=fe0d6b53c97ae245421749e014cb1c94740d8cd155b363983d4160f11240ab1d98abb11846a6#rd,
